EMPLOYEE_CODE,DOCUMENT,FULL_NAME,DEPARTMENT
10000,000000001,João Silva,RH
10001,000000002,Maria Oliveira,TI
10002,000000003,Carlos Souza,Financeiro
10003,000000004,Ana Costa,Jurídico
10004,000000005,Pedro Santos,Operacional
10005,000000006,Lucas Pereira,RH
10006,000000007,Juliana Lima,TI
10007,000000008,Fernando Alves,Financeiro
10008,000000009,Patrícia Rocha,Jurídico
10009,000000010,Bruno Martins,Operacional
10010,000000011,Mariana Gonçalves,RH
10011,000000012,André Ribeiro,TI
10012,000000013,Renata Fernandes,Financeiro
10013,000000014,Thiago Carvalho,Jurídico
10014,000000015,Beatriz Almeida,Operacional
10015,000000016,Diego Azevedo,RH
10016,000000017,Letícia Teixeira,TI
10017,000000018,Marcelo Barros,Financeiro
10018,000000019,Carolina Freitas,Jurídico
10019,000000020,Paulo Batista,Operacional
10020,000000021,Vanessa Ramos,RH
10021,000000022,Roberto Nunes,TI
10022,000000023,Isabela Castro,Financeiro
10023,000000024,Alexandre Lopes,Jurídico
10024,000000025,Raquel Dias,Operacional
10025,000000026,Daniel Moreira,RH
10026,000000027,Bruna Cardoso,TI
10027,000000028,Henrique Pinto,Financeiro
10028,000000029,Simone Melo,Jurídico
10029,000000030,Leandro Faria,Operacional
10030,000000031,Cláudia Correia,RH
10031,000000032,Edson Tavares,TI
10032,000000033,Adriana Borges,Financeiro
10033,000000034,José Mendes,Jurídico
10034,000000035,Eliane Duarte,Operacional
10035,000000036,Marcos Rezende,RH
10036,000000037,Priscila Cunha,TI
10037,000000038,Antonio Guimarães,Financeiro
10038,000000039,Débora Pires,Jurídico
10039,000000040,Renato Barcellos,Operacional
10040,000000041,Luciana Matos,RH
10041,000000042,Otávio Silveira,TI
10042,000000043,Helena Brito,Financeiro
10043,000000044,Samuel Barreto,Jurídico
10044,000000045,Melissa Xavier,Operacional
10045,000000046,Augusto Siqueira,RH
10046,000000047,Patrícia Rezende,TI
10047,000000048,Bruno Figueiredo,Financeiro
10048,000000049,Juliana Amaral,Jurídico
10049,000000050,Leonardo Peixoto,Operacional
10050,000000051,Clara Nascimento,RH
10051,000000052,Igor Duarte,TI
10052,000000053,Paula Souza,Financeiro
10053,000000054,Matheus Rocha,Jurídico
10054,000000055,Isabel Fernandes,Operacional
10055,000000056,Renan Gomes,RH
10056,000000057,Carla Martins,TI
10057,000000058,Bruno Lima,Financeiro
10058,000000059,Juliana Costa,Jurídico
10059,000000060,Lucas Almeida,Operacional
10060,000000061,Patrícia Silva,RH
10061,000000062,André Souza,TI
10062,000000063,Marina Oliveira,Financeiro
10063,000000064,Thiago Santos,Jurídico
10064,000000065,Beatriz Pereira,Operacional
10065,000000066,Diego Lima,RH
10066,000000067,Letícia Costa,TI
10067,000000068,Marcelo Fernandes,Financeiro
10068,000000069,Carolina Rocha,Jurídico
10069,000000070,Paulo Almeida,Operacional
10070,000000071,Vanessa Silva,RH
10071,000000072,Roberto Souza,TI
10072,000000073,Isabela Oliveira,Financeiro
10073,000000074,Alexandre Santos,Jurídico
10074,000000075,Raquel Pereira,Operacional
10075,000000076,Daniel Lima,RH
10076,000000077,Bruna Costa,TI
10077,000000078,Henrique Fernandes,Financeiro
10078,000000079,Simone Rocha,Jurídico
10079,000000080,Leandro Almeida,Operacional
10080,000000081,Marcio Antunes,RH
10081,000000082,Elisa Barreto,TI
10082,000000083,Otavio Ramos,Financeiro
10083,000000084,Silvia Prado,Jurídico
10084,000000085,Renato Borges,Operacional
10085,000000086,Patricia Neri,RH
10086,000000087,Alex Sandro,TI
10087,000000088,Julio Cesar,Financeiro
10088,000000089,Lucia Helena,Jurídico
10089,000000090,Marina Duarte,Operacional
10090,000000091,Paulo Vitor,RH
10091,000000092,Simone Lopes,TI
10092,000000093,Bruno Henrique,Financeiro
10093,000000094,Carla Regina,Jurídico
10094,000000095,Edson Luiz,Operacional
10095,000000096,Valeria Souza,RH
10096,000000097,Leandro Silva,TI
10097,000000098,Isabela Ramos,Financeiro
10098,000000099,Roberta Dias,Jurídico
10099,000000100,Marcelo Tavares,Operacional
10100,000000101,Adriana Farias,RH
10101,000000102,Bruno Salles,TI
10102,000000103,Carolina Mendes,Financeiro
10103,000000104,Daniela Luz,Jurídico
10104,000000105,Edgar Pacheco,Operacional
10105,000000106,Fabiana Torres,RH
10106,000000107,Gustavo Amaral,TI
10107,000000108,Heloisa Braga,Financeiro
10108,000000109,Ivan Cardoso,Jurídico
10109,000000110,Jessica Lopes,Operacional
10110,000000111,Kaio Martins,RH
10111,000000112,Larissa Dias,TI
10112,000000113,Marcelo Nunes,Financeiro
10113,000000114,Natalia Souza,Jurídico
10114,000000115,Otavio Lima,Operacional
10115,000000116,Patricia Gomes,RH
10116,000000117,Quintino Silva,TI
10117,000000118,Rafaela Costa,Financeiro
10118,000000119,Sandro Freitas,Jurídico
10119,000000120,Tatiane Rocha,Operacional
10120,000000121,Ulisses Prado,RH
10121,000000122,Vanessa Ribeiro,TI
10122,000000123,Wesley Souza,Financeiro
10123,000000124,Xuxa Menezes,Jurídico
10124,000000125,Yasmin Duarte,Operacional
10125,000000126,Zeca Lima,RH
10126,000000127,Ana Paula,TI
10127,000000128,Beto Silva,Financeiro
10128,000000129,Camila Torres,Jurídico
10129,000000130,Danilo Rocha,Operacional
10130,000000131,Eduarda Nunes,RH
10131,000000132,Felipe Gomes,TI
10132,000000133,Gabriela Souza,Financeiro
10133,000000134,Heitor Lima,Jurídico
10134,000000135,Ingrid Castro,Operacional
10135,000000136,João Pedro,RH
10136,000000137,Karina Alves,TI
10137,000000138,Leonardo Costa,Financeiro
10138,000000139,Marina Faria,Jurídico
10139,000000140,Nicolas Duarte,Operacional
10140,000000141,Olga Martins,RH
10141,000000142,Pedro Henrique,TI
10142,000000143,Quésia Souza,Financeiro
10143,000000144,Ricardo Lopes,Jurídico
10144,000000145,Sabrina Duarte,Operacional
10145,000000146,Tadeu Silva,RH
10146,000000147,Ubirajara Costa,TI
10147,000000148,Valéria Nunes,Financeiro
10148,000000149,Wellington Prado,Jurídico
10149,000000150,Xavier Ramos,Operacional
10150,000000151,Yuri Almeida,RH
10151,000000152,Zilda Farias,TI
10152,000000153,Aline Souza,Financeiro
10153,000000154,Breno Castro,Jurídico
10154,000000155,Cleber Lima,Operacional
10155,000000156,Daniela Teixeira,RH
10156,000000157,Eduardo Gomes,TI
10157,000000158,Fernanda Rocha,Financeiro
10158,000000159,Guilherme Pires,Jurídico
10159,000000160,Heloísa Mendes,Operacional
10160,000000161,Ivan Souza,RH
10161,000000162,Juliana Prado,TI
10162,000000163,Kleber Ramos,Financeiro
10163,000000164,Livia Castro,Jurídico
10164,000000165,Marcos Lima,Operacional
10165,000000166,Natalia Farias,RH
10166,000000167,Otavio Gomes,TI
10167,000000168,Patricia Rocha,Financeiro
10168,000000169,Quirino Lopes,Jurídico
10169,000000170,Rafaela Duarte,Operacional
10170,000000171,Sandro Silva,RH
10171,000000172,Tatiane Costa,TI
10172,000000173,Ulisses Nunes,Financeiro
10173,000000174,Valeria Prado,Jurídico
10174,000000175,Wesley Ramos,Operacional
10175,000000176,Xuxa Almeida,RH
10176,000000177,Yasmin Farias,TI
10177,000000178,Zeca Souza,Financeiro
10178,000000179,Ana Paula,Jurídico
10179,000000180,Beto Silva,Operacional
10180,000000181,Camila Neri,RH
10181,000000182,Danilo Prado,TI
10182,000000183,Eduarda Ramos,Financeiro
10183,000000184,Felipe Castro,Jurídico
10184,000000185,Gabriela Lima,Operacional
10185,000000186,Heitor Farias,RH
10186,000000187,Ingrid Gomes,TI
10187,000000188,João Pedro,Financeiro
10188,000000189,Karina Rocha,Jurídico
10189,000000190,Leonardo Duarte,Operacional
10190,000000191,Marina Silva,RH
10191,000000192,Nicolas Souza,TI
10192,000000193,Olga Nunes,Financeiro
10193,000000194,Pedro Henrique,Jurídico
10194,000000195,Quésia Mendes,Operacional
10195,000000196,Ricardo Lima,RH
10196,000000197,Sabrina Costa,TI
10197,000000198,Tadeu Farias,Financeiro
10198,000000199,Ubirajara Gomes,Jurídico
10199,000000200,Valéria Souza,Operacional
10200,000000201,Wesley Ramos,RH
10201,000000202,Xuxa Almeida,TI
10202,000000203,Yasmin Farias,Financeiro
10203,000000204,Zeca Souza,Jurídico
10204,000000205,Ana Paula,Operacional
10205,000000206,Beto Silva,RH
10206,000000207,Camila Neri,TI
10207,000000208,Danilo Prado,Financeiro
10208,000000209,Eduarda Ramos,Jurídico
10209,000000210,Felipe Castro,Operacional
10210,000000211,Gabriela Lima,RH
10211,000000212,Heitor Farias,TI
10212,000000213,Ingrid Gomes,Financeiro
10213,000000214,João Pedro,Jurídico
10214,000000215,Karina Rocha,Operacional
10215,000000216,Leonardo Duarte,RH
10216,000000217,Marina Silva,TI
10217,000000218,Nicolas Souza,Financeiro
10218,000000219,Olga Nunes,Jurídico
10219,000000220,Pedro Henrique,Operacional
10220,000000221,Quésia Mendes,RH
10221,000000222,Ricardo Lima,TI
10222,000000223,Sabrina Costa,Financeiro
10223,000000224,Tadeu Farias,Jurídico
10224,000000225,Ubirajara Gomes,Operacional
10225,000000226,Valéria Souza,RH
10226,000000227,Wesley Ramos,TI
10227,000000228,Xuxa Almeida,Financeiro
10228,000000229,Yasmin Farias,Jurídico
10229,000000230,Zeca Souza,Operacional
10230,000000231,Ana Paula,RH
10231,000000232,Beto Silva,TI
10232,000000233,Camila Neri,Financeiro
10233,000000234,Danilo Prado,Jurídico
10234,000000235,Eduarda Ramos,Operacional
10235,000000236,Felipe Castro,RH
10236,000000237,Gabriela Lima,TI
10237,000000238,Heitor Farias,Financeiro
10238,000000239,Ingrid Gomes,Jurídico
10239,000000240,João Pedro,Operacional
10240,000000241,Karina Rocha,RH
10241,000000242,Leonardo Duarte,TI
10242,000000243,Marina Silva,Financeiro
10243,000000244,Nicolas Souza,Jurídico
10244,000000245,Olga Nunes,Operacional
10245,000000246,Pedro Henrique,RH
10246,000000247,Quésia Mendes,TI
10247,000000248,Ricardo Lima,Financeiro
10248,000000249,Sabrina Costa,Jurídico
10249,000000250,Tadeu Farias,Operacional
10250,000000251,Ubirajara Gomes,RH
10251,000000252,Valéria Souza,TI
10252,000000253,Wesley Ramos,Financeiro
10253,000000254,Xuxa Almeida,Jurídico
10254,000000255,Yasmin Farias,Operacional
10255,000000256,Zeca Souza,RH
10256,000000257,Ana Paula,TI
10257,000000258,Beto Silva,Financeiro
10258,000000259,Camila Neri,Jurídico
10259,000000260,Danilo Prado,Operacional
10260,000000261,Eduarda Ramos,RH
10261,000000262,Felipe Castro,TI
10262,000000263,Gabriela Lima,Financeiro
10263,000000264,Heitor Farias,Jurídico
10264,000000265,Ingrid Gomes,Operacional
10265,000000266,João Pedro,RH
10266,000000267,Karina Rocha,TI
10267,000000268,Leonardo Duarte,Financeiro
10268,000000269,Marina Silva,Jurídico
10269,000000270,Nicolas Souza,Operacional
10270,000000271,Olga Nunes,RH
10271,000000272,Pedro Henrique,TI
10272,000000273,Quésia Mendes,Financeiro
10273,000000274,Ricardo Lima,Jurídico
10274,000000275,Sabrina Costa,Operacional
10275,000000276,Tadeu Farias,RH
10276,000000277,Ubirajara Gomes,TI
10277,000000278,Valéria Souza,Financeiro
10278,000000279,Wesley Ramos,Jurídico
10279,000000280,Xuxa Almeida,Operacional
10280,000000281,Yasmin Farias,RH
10281,000000282,Zeca Souza,TI
10282,000000283,Ana Paula,Financeiro
10283,000000284,Beto Silva,Jurídico
10284,000000285,Camila Neri,Operacional
10285,000000286,Danilo Prado,RH
10286,000000287,Eduarda Ramos,TI
10287,000000288,Felipe Castro,Financeiro
10288,000000289,Gabriela Lima,Jurídico
10289,000000290,Heitor Farias,Operacional
10290,000000291,Ingrid Gomes,RH
10291,000000292,João Pedro,TI
10292,000000293,Karina Rocha,Financeiro
10293,000000294,Leonardo Duarte,Jurídico
10294,000000295,Marina Silva,Operacional
10295,000000296,Nicolas Souza,RH
10296,000000297,Olga Nunes,TI
10297,000000298,Pedro Henrique,Financeiro
10298,000000299,Quésia Mendes,Jurídico
10299,000000300,Ricardo Lima,Operacional
10300,000000301,Sabrina Costa,RH
10301,000000302,Tadeu Farias,TI
10302,000000303,Ubirajara Gomes,Financeiro
10303,000000304,Valéria Souza,Jurídico
10304,000000305,Wesley Ramos,Operacional
10305,000000306,Xuxa Almeida,RH
10306,000000307,Yasmin Farias,TI
10307,000000308,Zeca Souza,Financeiro
10308,000000309,Ana Paula,Jurídico
10309,000000310,Beto Silva,Operacional
10310,000000311,Camila Neri,RH
10311,000000312,Danilo Prado,TI
10312,000000313,Eduarda Ramos,Financeiro
10313,000000314,Felipe Castro,Jurídico
10314,000000315,Gabriela Lima,Operacional
10315,000000316,Heitor Farias,RH
10316,000000317,Ingrid Gomes,TI
10317,000000318,João Pedro,Financeiro
10318,000000319,Karina Rocha,Jurídico
10319,000000320,Leonardo Duarte,Operacional
10320,000000321,Marina Silva,RH
10321,000000322,Nicolas Souza,TI
10322,000000323,Olga Nunes,Financeiro
10323,000000324,Pedro Henrique,Jurídico
10324,000000325,Quésia Mendes,Operacional
10325,000000326,Ricardo Lima,RH
10326,000000327,Sabrina Costa,TI
10327,000000328,Tadeu Farias,Financeiro
10328,000000329,Ubirajara Gomes,Jurídico
10329,000000330,Valéria Souza,Operacional
10330,000000331,Wesley Ramos,RH
10331,000000332,Xuxa Almeida,TI
10332,000000333,Yasmin Farias,Financeiro
10333,000000334,Zeca Souza,Jurídico
10334,000000335,Ana Paula,Operacional
10335,000000336,Beto Silva,RH
10336,000000337,Camila Neri,TI
10337,000000338,Danilo Prado,Financeiro
10338,000000339,Eduarda Ramos,Jurídico
10339,000000340,Felipe Castro,Operacional
10340,000000341,Gabriela Lima,RH
10341,000000342,Heitor Farias,TI
10342,000000343,Ingrid Gomes,Financeiro
10343,000000344,João Pedro,Jurídico
10344,000000345,Karina Rocha,Operacional
10345,000000346,Leonardo Duarte,RH
10346,000000347,Marina Silva,TI
10347,000000348,Nicolas Souza,Financeiro
10348,000000349,Olga Nunes,Jurídico
10349,000000350,Pedro Henrique,Operacional
10350,000000351,Quésia Mendes,RH
10351,000000352,Ricardo Lima,TI
10352,000000353,Sabrina Costa,Financeiro
10353,000000354,Tadeu Farias,Jurídico
10354,000000355,Ubirajara Gomes,Operacional
10355,000000356,Valéria Souza,RH
10356,000000357,Wesley Ramos,TI
10357,000000358,Xuxa Almeida,Financeiro
10358,000000359,Yasmin Farias,Jurídico
10359,000000360,Zeca Souza,Operacional
10360,000000361,Ana Paula,RH
10361,000000362,Beto Silva,TI
10362,000000363,Camila Neri,Financeiro
10363,000000364,Danilo Prado,Jurídico
10364,000000365,Eduarda Ramos,Operacional
10365,000000366,Felipe Castro,RH
10366,000000367,Gabriela Lima,TI
10367,000000368,Heitor Farias,Financeiro
10368,000000369,Ingrid Gomes,Jurídico
10369,000000370,João Pedro,Operacional
10370,000000371,Karina Rocha,RH
10371,000000372,Leonardo Duarte,TI
10372,000000373,Marina Silva,Financeiro
10373,000000374,Nicolas Souza,Jurídico
10374,000000375,Olga Nunes,Operacional
10375,000000376,Pedro Henrique,RH
10376,000000377,Quésia Mendes,TI
10377,000000378,Ricardo Lima,Financeiro
10378,000000379,Sabrina Costa,Jurídico
10379,000000380,Tadeu Farias,Operacional
10380,000000381,Ubirajara Gomes,RH
10381,000000382,Valéria Souza,TI
10382,000000383,Wesley Ramos,Financeiro
10383,000000384,Xuxa Almeida,Jurídico
10384,000000385,Yasmin Farias,Operacional
10385,000000386,Zeca Souza,RH
10386,000000387,Ana Paula,TI
10387,000000388,Beto Silva,Financeiro
10388,000000389,Camila Neri,Jurídico
10389,000000390,Danilo Prado,Operacional
10390,000000391,Eduarda Ramos,RH
10391,000000392,Felipe Castro,TI
10392,000000393,Gabriela Lima,Financeiro
10393,000000394,Heitor Farias,Jurídico
10394,000000395,Ingrid Gomes,Operacional
10395,000000396,João Pedro,RH
10396,000000397,Karina Rocha,TI
10397,000000398,Leonardo Duarte,Financeiro
10398,000000399,Marina Silva,Jurídico
10399,000000400,Nicolas Souza,Operacional
10400,000000401,Olga Nunes,RH
10401,000000402,Pedro Henrique,TI
10402,000000403,Quésia Mendes,Financeiro
10403,000000404,Ricardo Lima,Jurídico
10404,000000405,Sabrina Costa,Operacional
10405,000000406,Tadeu Farias,RH
10406,000000407,Ubirajara Gomes,TI
10407,000000408,Valéria Souza,Financeiro
10408,000000409,Wesley Ramos,Jurídico
10409,000000410,Xuxa Almeida,Operacional
10410,000000411,Yasmin Farias,RH
10411,000000412,Zeca Souza,TI
10412,000000413,Ana Paula,Financeiro
10413,000000414,Beto Silva,Jurídico
10414,000000415,Camila Neri,Operacional
10415,000000416,Danilo Prado,RH
10416,000000417,Eduarda Ramos,TI
10417,000000418,Felipe Castro,Financeiro
10418,000000419,Gabriela Lima,Jurídico
10419,000000420,Heitor Farias,Operacional
10420,000000421,Ingrid Gomes,RH
10421,000000422,João Pedro,TI
10422,000000423,Karina Rocha,Financeiro
10423,000000424,Leonardo Duarte,Jurídico
10424,000000425,Marina Silva,Operacional
10425,000000426,Nicolas Souza,RH
10426,000000427,Olga Nunes,TI
10427,000000428,Pedro Henrique,Financeiro
10428,000000429,Quésia Mendes,Jurídico
10429,000000430,Ricardo Lima,Operacional
10430,000000431,Sabrina Costa,RH
10431,000000432,Tadeu Farias,TI
10432,000000433,Ubirajara Gomes,Financeiro
10433,000000434,Valéria Souza,Jurídico
10434,000000435,Wesley Ramos,Operacional
10435,000000436,Xuxa Almeida,RH
10436,000000437,Yasmin Farias,TI
10437,000000438,Zeca Souza,Financeiro
10438,000000439,Ana Paula,Jurídico
10439,000000440,Beto Silva,Operacional
10440,000000441,Camila Neri,RH
10441,000000442,Danilo Prado,TI
10442,000000443,Eduarda Ramos,Financeiro
10443,000000444,Felipe Castro,Jurídico
10444,000000445,Gabriela Lima,Operacional
10445,000000446,Heitor Farias,RH
10446,000000447,Ingrid Gomes,TI
10447,000000448,João Pedro,Financeiro
10448,000000449,Karina Rocha,Jurídico
10449,000000450,Leonardo Duarte,Operacional
10450,000000451,Marina Silva,RH
10451,000000452,Nicolas Souza,TI
10452,000000453,Olga Nunes,Financeiro
10453,000000454,Pedro Henrique,Jurídico
10454,000000455,Quésia Mendes,Operacional
10455,000000456,Ricardo Lima,RH
10456,000000457,Sabrina Costa,TI
10457,000000458,Tadeu Farias,Financeiro
10458,000000459,Ubirajara Gomes,Jurídico
10459,000000460,Valéria Souza,Operacional
10460,000000461,Wesley Ramos,RH
10461,000000462,Xuxa Almeida,TI
10462,000000463,Yasmin Farias,Financeiro
10463,000000464,Zeca Souza,Jurídico
10464,000000465,Ana Paula,Operacional
10465,000000466,Beto Silva,RH
10466,000000467,Camila Neri,TI
10467,000000468,Danilo Prado,Financeiro
10468,000000469,Eduarda Ramos,Jurídico
10469,000000470,Felipe Castro,Operacional
10470,000000471,Gabriela Lima,RH
10471,000000472,Heitor Farias,TI
10472,000000473,Ingrid Gomes,Financeiro
10473,000000474,João Pedro,Jurídico
10474,000000475,Karina Rocha,Operacional
10475,000000476,Leonardo Duarte,RH
10476,000000477,Marina Silva,TI
10477,000000478,Nicolas Souza,Financeiro
10478,000000479,Olga Nunes,Jurídico
10479,000000480,Pedro Henrique,Operacional
10480,000000481,Quésia Mendes,RH
10481,000000482,Ricardo Lima,TI
10482,000000483,Sabrina Costa,Financeiro
10483,000000484,Tadeu Farias,Jurídico
10484,000000485,Ubirajara Gomes,Operacional
10485,000000486,Valéria Souza,RH
10486,000000487,Wesley Ramos,TI
10487,000000488,Xuxa Almeida,Financeiro
10488,000000489,Yasmin Farias,Jurídico
10489,000000490,Zeca Souza,Operacional
10490,000000491,Ana Paula,RH
10491,000000492,Beto Silva,TI
10492,000000493,Camila Neri,Financeiro
10493,000000494,Danilo Prado,Jurídico
10494,000000495,Eduarda Ramos,Operacional
10495,000000496,Felipe Castro,RH
10496,000000497,Gabriela Lima,TI
10497,000000498,Heitor Farias,Financeiro
10498,000000499,Ingrid Gomes,Jurídico
10499,000000500,João Pedro,Operacional
10500,000000501,Karina Rocha,RH
10501,000000502,Leonardo Duarte,TI
10502,000000503,Marina Silva,Financeiro
10503,000000504,Nicolas Souza,Jurídico
10504,000000505,Olga Nunes,Operacional
10505,000000506,Pedro Henrique,RH
10506,000000507,Quésia Mendes,TI
10507,000000508,Ricardo Lima,Financeiro
10508,000000509,Sabrina Costa,Jurídico
10509,000000510,Tadeu Farias,Operacional
10510,000000511,Ubirajara Gomes,RH
10511,000000512,Valéria Souza,TI
10512,000000513,Wesley Ramos,Financeiro
10513,000000514,Xuxa Almeida,Jurídico
10514,000000515,Yasmin Farias,Operacional
10515,000000516,Zeca Souza,RH
10516,000000517,Ana Paula,TI
10517,000000518,Beto Silva,Financeiro
10518,000000519,Camila Neri,Jurídico
10519,000000520,Danilo Prado,Operacional
10520,000000521,Eduarda Ramos,RH
10521,000000522,Felipe Castro,TI
10522,000000523,Gabriela Lima,Financeiro
10523,000000524,Heitor Farias,Jurídico
10524,000000525,Ingrid Gomes,Operacional
10525,000000526,João Pedro,RH
10526,000000527,Karina Rocha,TI
10527,000000528,Leonardo Duarte,Financeiro
10528,000000529,Marina Silva,Jurídico
10529,000000530,Nicolas Souza,Operacional
10530,000000531,Olga Nunes,RH
10531,000000532,Pedro Henrique,TI
10532,000000533,Quésia Mendes,Financeiro
10533,000000534,Ricardo Lima,Jurídico
10534,000000535,Sabrina Costa,Operacional
10535,000000536,Tadeu Farias,RH
10536,000000537,Ubirajara Gomes,TI
10537,000000538,Valéria Souza,Financeiro
10538,000000539,Wesley Ramos,Jurídico
10539,000000540,Xuxa Almeida,Operacional
10540,000000541,Yasmin Farias,RH
10541,000000542,Zeca Souza,TI
10542,000000543,Ana Paula,Financeiro
10543,000000544,Beto Silva,Jurídico
10544,000000545,Camila Neri,Operacional
10545,000000546,Danilo Prado,RH
10546,000000547,Eduarda Ramos,TI
10547,000000548,Felipe Castro,Financeiro
10548,000000549,Gabriela Lima,Jurídico
10549,000000550,Heitor Farias,Operacional
10550,000000551,Ingrid Gomes,RH
10551,000000552,João Pedro,TI
10552,000000553,Karina Rocha,Financeiro
10553,000000554,Leonardo Duarte,Jurídico
10554,000000555,Marina Silva,Operacional
10555,000000556,Nicolas Souza,RH
10556,000000557,Olga Nunes,TI
10557,000000558,Pedro Henrique,Financeiro
10558,000000559,Quésia Mendes,Jurídico
10559,000000560,Ricardo Lima,Operacional
10560,000000561,Sabrina Costa,RH
10561,000000562,Tadeu Farias,TI
10562,000000563,Ubirajara Gomes,Financeiro
10563,000000564,Valéria Souza,Jurídico
10564,000000565,Wesley Ramos,Operacional
10565,000000566,Xuxa Almeida,RH
10566,000000567,Yasmin Farias,TI
10567,000000568,Zeca Souza,Financeiro
10568,000000569,Ana Paula,Jurídico
10569,000000570,Beto Silva,Operacional
10570,000000571,Camila Neri,RH
10571,000000572,Danilo Prado,TI
10572,000000573,Eduarda Ramos,Financeiro
10573,000000574,Felipe Castro,Jurídico
10574,000000575,Gabriela Lima,Operacional
10575,000000576,Heitor Farias,RH
10576,000000577,Ingrid Gomes,TI
10577,000000578,João Pedro,Financeiro
10578,000000579,Karina Rocha,Jurídico
10579,000000580,Leonardo Duarte,Operacional
10580,000000581,Marina Silva,RH
10581,000000582,Nicolas Souza,TI
10582,000000583,Olga Nunes,Financeiro
10583,000000584,Pedro Henrique,Jurídico
10584,000000585,Quésia Mendes,Operacional
10585,000000586,Ricardo Lima,RH
10586,000000587,Sabrina Costa,TI
10587,000000588,Tadeu Farias,Financeiro
10588,000000589,Ubirajara Gomes,Jurídico
10589,000000590,Valéria Souza,Operacional
10590,000000591,Wesley Ramos,RH
10591,000000592,Xuxa Almeida,TI
10592,000000593,Yasmin Farias,Financeiro
10593,000000594,Zeca Souza,Jurídico
10594,000000595,Ana Paula,Operacional
10595,000000596,Beto Silva,RH
10596,000000597,Camila Neri,TI
10597,000000598,Danilo Prado,Financeiro
10598,000000599,Eduarda Ramos,Jurídico
10599,000000600,Felipe Castro,Operacional
10600,000000601,Gabriela Lima,RH
10601,000000602,Heitor Farias,TI
10602,000000603,Ingrid Gomes,Financeiro
10603,000000604,João Pedro,Jurídico
10604,000000605,Karina Rocha,Operacional
10605,000000606,Leonardo Duarte,RH
10606,000000607,Marina Silva,TI
10607,000000608,Nicolas Souza,Financeiro
10608,000000609,Olga Nunes,Jurídico
10609,000000610,Pedro Henrique,Operacional
10610,000000611,Quésia Mendes,RH
10611,000000612,Ricardo Lima,TI
10612,000000613,Sabrina Costa,Financeiro
10613,000000614,Tadeu Farias,Jurídico
10614,000000615,Ubirajara Gomes,Operacional
10615,000000616,Valéria Souza,RH
10616,000000617,Wesley Ramos,TI
10617,000000618,Xuxa Almeida,Financeiro
10618,000000619,Yasmin Farias,Jurídico
10619,000000620,Zeca Souza,Operacional
10620,000000621,Ana Paula,RH
10621,000000622,Beto Silva,TI
10622,000000623,Camila Neri,Financeiro
10623,000000624,Danilo Prado,Jurídico
10624,000000625,Eduarda Ramos,Operacional
10625,000000626,Felipe Castro,RH
10626,000000627,Gabriela Lima,TI
10627,000000628,Heitor Farias,Financeiro
10628,000000629,Ingrid Gomes,Jurídico
10629,000000630,João Pedro,Operacional
10630,000000631,Karina Rocha,RH
10631,000000632,Leonardo Duarte,TI
10632,000000633,Marina Silva,Financeiro
10633,000000634,Nicolas Souza,Jurídico
10634,000000635,Olga Nunes,Operacional
10635,000000636,Pedro Henrique,RH
10636,000000637,Quésia Mendes,TI
10637,000000638,Ricardo Lima,Financeiro
10638,000000639,Sabrina Costa,Jurídico
10639,000000640,Tadeu Farias,Operacional
10640,000000641,Ubirajara Gomes,RH
10641,000000642,Valéria Souza,TI
10642,000000643,Wesley Ramos,Financeiro
10643,000000644,Xuxa Almeida,Jurídico
10644,000000645,Yasmin Farias,Operacional
10645,000000646,Zeca Souza,RH
10646,000000647,Ana Paula,TI
10647,000000648,Beto Silva,Financeiro
10648,000000649,Camila Neri,Jurídico
10649,000000650,Danilo Prado,Operacional
10650,000000651,Eduarda Ramos,RH
10651,000000652,Felipe Castro,TI
10652,000000653,Gabriela Lima,Financeiro
10653,000000654,Heitor Farias,Jurídico
10654,000000655,Ingrid Gomes,Operacional
10655,000000656,João Pedro,RH
10656,000000657,Karina Rocha,TI
10657,000000658,Leonardo Duarte,Financeiro
10658,000000659,Marina Silva,Jurídico
10659,000000660,Nicolas Souza,Operacional
10660,000000661,Olga Nunes,RH
10661,000000662,Pedro Henrique,TI
10662,000000663,Quésia Mendes,Financeiro
10663,000000664,Ricardo Lima,Jurídico
10664,000000665,Sabrina Costa,Operacional
10665,000000666,Tadeu Farias,RH
10666,000000667,Ubirajara Gomes,TI
10667,000000668,Valéria Souza,Financeiro
10668,000000669,Wesley Ramos,Jurídico
10669,000000670,Xuxa Almeida,Operacional
10670,000000671,Yasmin Farias,RH
10671,000000672,Zeca Souza,TI
10672,000000673,Ana Paula,Financeiro
10673,000000674,Beto Silva,Jurídico
10674,000000675,Camila Neri,Operacional
10675,000000676,Danilo Prado,RH
10676,000000677,Eduarda Ramos,TI
10677,000000678,Felipe Castro,Financeiro
10678,000000679,Gabriela Lima,Jurídico
10679,000000680,Heitor Farias,Operacional
10680,000000681,Ingrid Gomes,RH
10681,000000682,João Pedro,TI
10682,000000683,Karina Rocha,Financeiro
10683,000000684,Leonardo Duarte,Jurídico
10684,000000685,Marina Silva,Operacional
10685,000000686,Nicolas Souza,RH
10686,000000687,Olga Nunes,TI
10687,000000688,Pedro Henrique,Financeiro
10688,000000689,Quésia Mendes,Jurídico
10689,000000690,Ricardo Lima,Operacional
10690,000000691,Sabrina Costa,RH
10691,000000692,Tadeu Farias,TI
10692,000000693,Ubirajara Gomes,Financeiro
10693,000000694,Valéria Souza,Jurídico
10694,000000695,Wesley Ramos,Operacional
10695,000000696,Xuxa Almeida,RH
10696,000000697,Yasmin Farias,TI
10697,000000698,Zeca Souza,Financeiro
10698,000000699,Ana Paula,Jurídico
10699,000000700,Beto Silva,Operacional
10700,000000701,Camila Neri,RH
10701,000000702,Danilo Prado,TI
10702,000000703,Eduarda Ramos,Financeiro
10703,000000704,Felipe Castro,Jurídico
10704,000000705,Gabriela Lima,Operacional
10705,000000706,Heitor Farias,RH
10706,000000707,Ingrid Gomes,TI
10707,000000708,João Pedro,Financeiro
10708,000000709,Karina Rocha,Jurídico
10709,000000710,Leonardo Duarte,Operacional
10710,000000711,Marina Silva,RH
10711,000000712,Nicolas Souza,TI
10712,000000713,Olga Nunes,Financeiro
10713,000000714,Pedro Henrique,Jurídico
10714,000000715,Quésia Mendes,Operacional
10715,000000716,Ricardo Lima,RH
10716,000000717,Sabrina Costa,TI
10717,000000718,Tadeu Farias,Financeiro
10718,000000719,Ubirajara Gomes,Jurídico
10719,000000720,Valéria Souza,Operacional
10720,000000721,Wesley Ramos,RH
10721,000000722,Xuxa Almeida,TI
10722,000000723,Yasmin Farias,Financeiro
10723,000000724,Zeca Souza,Jurídico
10724,000000725,Ana Paula,Operacional
10725,000000726,Beto Silva,RH
10726,000000727,Camila Neri,TI
10727,000000728,Danilo Prado,Financeiro
10728,000000729,Eduarda Ramos,Jurídico
10729,000000730,Felipe Castro,Operacional
10730,000000731,Gabriela Lima,RH
10731,000000732,Heitor Farias,TI
10732,000000733,Ingrid Gomes,Financeiro
10733,000000734,João Pedro,Jurídico
10734,000000735,Karina Rocha,Operacional
10735,000000736,Leonardo Duarte,RH
10736,000000737,Marina Silva,TI
10737,000000738,Nicolas Souza,Financeiro
10738,000000739,Olga Nunes,Jurídico
10739,000000740,Pedro Henrique,Operacional
10740,000000741,Quésia Mendes,RH
10741,000000742,Ricardo Lima,TI
10742,000000743,Sabrina Costa,Financeiro
10743,000000744,Tadeu Farias,Jurídico
10744,000000745,Ubirajara Gomes,Operacional
10745,000000746,Valéria Souza,RH
10746,000000747,Wesley Ramos,TI
10747,000000748,Xuxa Almeida,Financeiro
10748,000000749,Yasmin Farias,Jurídico
10749,000000750,Zeca Souza,Operacional
10750,000000751,Ana Paula,RH
10751,000000752,Beto Silva,TI
10752,000000753,Camila Neri,Financeiro
10753,000000754,Danilo Prado,Jurídico
10754,000000755,Eduarda Ramos,Operacional
10755,000000756,Felipe Castro,RH
10756,000000757,Gabriela Lima,TI
10757,000000758,Heitor Farias,Financeiro
10758,000000759,Ingrid Gomes,Jurídico
10759,000000760,João Pedro,Operacional
10760,000000761,Karina Rocha,RH
10761,000000762,Leonardo Duarte,TI
10762,000000763,Marina Silva,Financeiro
10763,000000764,Nicolas Souza,Jurídico
10764,000000765,Olga Nunes,Operacional
10765,000000766,Pedro Henrique,RH
10766,000000767,Quésia Mendes,TI
10767,000000768,Ricardo Lima,Financeiro
10768,000000769,Sabrina Costa,Jurídico
10769,000000770,Tadeu Farias,Operacional
10770,000000771,Ubirajara Gomes,RH
10771,000000772,Valéria Souza,TI
10772,000000773,Wesley Ramos,Financeiro
10773,000000774,Xuxa Almeida,Jurídico
10774,000000775,Yasmin Farias,Operacional
10775,000000776,Zeca Souza,RH
10776,000000777,Ana Paula,TI
10777,000000778,Beto Silva,Financeiro
10778,000000779,Camila Neri,Jurídico
10779,000000780,Danilo Prado,Operacional
10780,000000781,Eduarda Ramos,RH
10781,000000782,Felipe Castro,TI
10782,000000783,Gabriela Lima,Financeiro
10783,000000784,Heitor Farias,Jurídico
10784,000000785,Ingrid Gomes,Operacional
10785,000000786,João Pedro,RH
10786,000000787,Karina Rocha,TI
10787,000000788,Leonardo Duarte,Financeiro
10788,000000789,Marina Silva,Jurídico
10789,000000790,Nicolas Souza,Operacional
10790,000000791,Olga Nunes,RH
10791,000000792,Pedro Henrique,TI
10792,000000793,Quésia Mendes,Financeiro
10793,000000794,Ricardo Lima,Jurídico
10794,000000795,Sabrina Costa,Operacional
10795,000000796,Tadeu Farias,RH
10796,000000797,Ubirajara Gomes,TI
10797,000000798,Valéria Souza,Financeiro
10798,000000799,Wesley Ramos,Jurídico
10799,000000800,Xuxa Almeida,Operacional
10800,000000801,Yasmin Farias,RH
10801,000000802,Zeca Souza,TI
10802,000000803,Ana Paula,Financeiro
10803,000000804,Beto Silva,Jurídico
10804,000000805,Camila Neri,Operacional
10805,000000806,Danilo Prado,RH
10806,000000807,Eduarda Ramos,TI
10807,000000808,Felipe Castro,Financeiro
10808,000000809,Gabriela Lima,Jurídico
10809,000000810,Heitor Farias,Operacional
10810,000000811,Ingrid Gomes,RH
10811,000000812,João Pedro,TI
10812,000000813,Karina Rocha,Financeiro
10813,000000814,Leonardo Duarte,Jurídico
10814,000000815,Marina Silva,Operacional
10815,000000816,Nicolas Souza,RH
10816,000000817,Olga Nunes,TI
10817,000000818,Pedro Henrique,Financeiro
10818,000000819,Quésia Mendes,Jurídico
10819,000000820,Ricardo Lima,Operacional
10820,000000821,Sabrina Costa,RH
10821,000000822,Tadeu Farias,TI
10822,000000823,Ubirajara Gomes,Financeiro
10823,000000824,Valéria Souza,Jurídico
10824,000000825,Wesley Ramos,Operacional
10825,000000826,Xuxa Almeida,RH
10826,000000827,Yasmin Farias,TI
10827,000000828,Zeca Souza,Financeiro
10828,000000829,Ana Paula,Jurídico
10829,000000830,Beto Silva,Operacional
10830,000000831,Camila Neri,RH
10831,000000832,Danilo Prado,TI
10832,000000833,Eduarda Ramos,Financeiro
10833,000000834,Felipe Castro,Jurídico
10834,000000835,Gabriela Lima,Operacional
10835,000000836,Heitor Farias,RH
10836,000000837,Ingrid Gomes,TI
10837,000000838,João Pedro,Financeiro
10838,000000839,Karina Rocha,Jurídico
10839,000000840,Leonardo Duarte,Operacional
10840,000000841,Marina Silva,RH
10841,000000842,Nicolas Souza,TI
10842,000000843,Olga Nunes,Financeiro
10843,000000844,Pedro Henrique,Jurídico
10844,000000845,Quésia Mendes,Operacional
10845,000000846,Ricardo Lima,RH
10846,000000847,Sabrina Costa,TI
10847,000000848,Tadeu Farias,Financeiro
10848,000000849,Ubirajara Gomes,Jurídico
10849,000000850,Valéria Souza,Operacional
10850,000000851,Wesley Ramos,RH
10851,000000852,Xuxa Almeida,TI
10852,000000853,Yasmin Farias,Financeiro
10853,000000854,Zeca Souza,Jurídico
10854,000000855,Ana Paula,Operacional
10855,000000856,Beto Silva,RH
10856,000000857,Camila Neri,TI
10857,000000858,Danilo Prado,Financeiro
10858,000000859,Eduarda Ramos,Jurídico
10859,000000860,Felipe Castro,Operacional
10860,000000861,Gabriela Lima,RH
10861,000000862,Heitor Farias,TI
10862,000000863,Ingrid Gomes,Financeiro
10863,000000864,João Pedro,Jurídico
10864,000000865,Karina Rocha,Operacional
10865,000000866,Leonardo Duarte,RH
10866,000000867,Marina Silva,TI
10867,000000868,Nicolas Souza,Financeiro
10868,000000869,Olga Nunes,Jurídico
10869,000000870,Pedro Henrique,Operacional
10870,000000871,Quésia Mendes,RH
10871,000000872,Ricardo Lima,TI
10872,000000873,Sabrina Costa,Financeiro
10873,000000874,Tadeu Farias,Jurídico
10874,000000875,Ubirajara Gomes,Operacional
10875,000000876,Valéria Souza,RH
10876,000000877,Wesley Ramos,TI
10877,000000878,Xuxa Almeida,Financeiro
10878,000000879,Yasmin Farias,Jurídico
10879,000000880,Zeca Souza,Operacional
10880,000000881,Ana Paula,RH
10881,000000882,Beto Silva,TI
10882,000000883,Camila Neri,Financeiro
10883,000000884,Danilo Prado,Jurídico
10884,000000885,Eduarda Ramos,Operacional
10885,000000886,Felipe Castro,RH
10886,000000887,Gabriela Lima,TI
10887,000000888,Heitor Farias,Financeiro
10888,000000889,Ingrid Gomes,Jurídico
10889,000000890,João Pedro,Operacional
10890,000000891,Karina Rocha,RH
10891,000000892,Leonardo Duarte,TI
10892,000000893,Marina Silva,Financeiro
10893,000000894,Nicolas Souza,Jurídico
10894,000000895,Olga Nunes,Operacional
10895,000000896,Pedro Henrique,RH
10896,000000897,Quésia Mendes,TI
10897,000000898,Ricardo Lima,Financeiro
10898,000000899,Sabrina Costa,Jurídico
10899,000000900,Tadeu Farias,Operacional
10900,000000901,Ubirajara Gomes,RH
10901,000000902,Valéria Souza,TI
10902,000000903,Wesley Ramos,Financeiro
10903,000000904,Xuxa Almeida,Jurídico
10904,000000905,Yasmin Farias,Operacional
10905,000000906,Zeca Souza,RH
10906,000000907,Ana Paula,TI
10907,000000908,Beto Silva,Financeiro
10908,000000909,Camila Neri,Jurídico
10909,000000910,Danilo Prado,Operacional
10910,000000911,Eduarda Ramos,RH
10911,000000912,Felipe Castro,TI
10912,000000913,Gabriela Lima,Financeiro
10913,000000914,Heitor Farias,Jurídico
10914,000000915,Ingrid Gomes,Operacional
10915,000000916,João Pedro,RH
10916,000000917,Karina Rocha,TI
10917,000000918,Leonardo Duarte,Financeiro
10918,000000919,Marina Silva,Jurídico
10919,000000920,Nicolas Souza,Operacional
10920,000000921,Olga Nunes,RH
10921,000000922,Pedro Henrique,TI
10922,000000923,Quésia Mendes,Financeiro
10923,000000924,Ricardo Lima,Jurídico
10924,000000925,Sabrina Costa,Operacional
10925,000000926,Tadeu Farias,RH
10926,000000927,Ubirajara Gomes,TI
10927,000000928,Valéria Souza,Financeiro
10928,000000929,Wesley Ramos,Jurídico
10929,000000930,Xuxa Almeida,Operacional
10930,000000931,Yasmin Farias,RH
10931,000000932,Zeca Souza,TI
10932,000000933,Ana Paula,Financeiro
10933,000000934,Beto Silva,Jurídico
10934,000000935,Camila Neri,Operacional
10935,000000936,Danilo Prado,RH
10936,000000937,Eduarda Ramos,TI
10937,000000938,Felipe Castro,Financeiro
10938,000000939,Gabriela Lima,Jurídico
10939,000000940,Heitor Farias,Operacional
10940,000000941,Ingrid Gomes,RH
10941,000000942,João Pedro,TI
10942,000000943,Karina Rocha,Financeiro
10943,000000944,Leonardo Duarte,Jurídico
10944,000000945,Marina Silva,Operacional
10945,000000946,Nicolas Souza,RH
10946,000000947,Olga Nunes,TI
10947,000000948,Pedro Henrique,Financeiro
10948,000000949,Quésia Mendes,Jurídico
10949,000000950,Ricardo Lima,Operacional
10950,000000951,Sabrina Costa,RH
10951,000000952,Tadeu Farias,TI
10952,000000953,Ubirajara Gomes,Financeiro
10953,000000954,Valéria Souza,Jurídico
10954,000000955,Wesley Ramos,Operacional
10955,000000956,Xuxa Almeida,RH
10956,000000957,Yasmin Farias,TI
10957,000000958,Zeca Souza,Financeiro
10958,000000959,Ana Paula,Jurídico
10959,000000960,Beto Silva,Operacional
10960,000000961,Camila Neri,RH
10961,000000962,Danilo Prado,TI
10962,000000963,Eduarda Ramos,Financeiro
10963,000000964,Felipe Castro,Jurídico
10964,000000965,Gabriela Lima,Operacional
10965,000000966,Heitor Farias,RH
10966,000000967,Ingrid Gomes,TI
10967,000000968,João Pedro,Financeiro
10968,000000969,Karina Rocha,Jurídico
10969,000000970,Leonardo Duarte,Operacional
10970,000000971,Marina Silva,RH
10971,000000972,Nicolas Souza,TI
10972,000000973,Olga Nunes,Financeiro
10973,000000974,Pedro Henrique,Jurídico
10974,000000975,Quésia Mendes,Operacional
10975,000000976,Ricardo Lima,RH
10976,000000977,Sabrina Costa,TI
10977,000000978,Tadeu Farias,Financeiro
10978,000000979,Ubirajara Gomes,Jurídico
10979,000000980,Valéria Souza,Operacional
10980,000000981,Wesley Ramos,RH
10981,000000982,Xuxa Almeida,TI
10982,000000983,Yasmin Farias,Financeiro
10983,000000984,Zeca Souza,Jurídico
10984,000000985,Ana Paula,Operacional
10985,000000986,Beto Silva,RH
10986,000000987,Camila Neri,TI
10987,000000988,Danilo Prado,Financeiro
10988,000000989,Eduarda Ramos,Jurídico
10989,000000990,Felipe Castro,Operacional
10990,000000991,Gabriela Lima,RH
10991,000000992,Heitor Farias,TI
10992,000000993,Ingrid Gomes,Financeiro
10993,000000994,João Pedro,Jurídico
10994,000000995,Karina Rocha,Operacional
10995,000000996,Leonardo Duarte,RH
10996,000000997,Marina Silva,TI
10997,000000998,Nicolas Souza,Financeiro
10998,000000999,Olga Nunes,Jurídico
10999,0000001000,Pedro Henrique,Operacional
